Accession	country	host	collection_year	isolate	virus name(10.1093/ve/veaf006)	species_binomial
KP404150	GBR	dog	2012	NA	MAstV5	Mamastrovirus canis
KX599350	HUN	dog	2012	NA	MAstV5	Mamastrovirus canis
KX756441	AUS	dog	2012	DD1	MAstV5	Mamastrovirus canis
KY765684	BRA	crab-eating-fox	2015	NA	MAstV5	Mamastrovirus canis
MF973500	CHN	dog	NA	NA	MAstV5	Mamastrovirus canis
MF973501	CHN	dog	NA	NA	MAstV5	Mamastrovirus canis
MK026166	AUS	dog	2017	DF-BC15-CAV-AUS-2017	MAstV5	Mamastrovirus canis
MN881999	CHN	dog	2019	NA	MAstV5	Mamastrovirus canis
MN882001	CHN	dog	2019	NA	MAstV5	Mamastrovirus canis
MN882002	CHN	dog	2019	NA	MAstV5	Mamastrovirus canis
MN882003	CHN	dog	2019	NA	MAstV5	Mamastrovirus canis
MN882004	CHN	dog	2019	NA	MAstV5	Mamastrovirus canis
MN882005	CHN	dog	2019	NA	MAstV5	Mamastrovirus canis
MN882006	CHN	dog	2019	NA	MAstV5	Mamastrovirus canis
MN882007	CHN	dog	2018	NA	MAstV5	Mamastrovirus canis
MN882008	CHN	dog	2018	NA	MAstV5	Mamastrovirus canis
MN882009	CHN	dog	2019	NA	MAstV5	Mamastrovirus canis
MN882010	CHN	dog	2019	NA	MAstV5	Mamastrovirus canis
MT078247	USA	dog	2017	MN1-USA-ORF-2017	MAstV5	Mamastrovirus canis
MT078248	USA	dog	2017	MN2-USA-2017	MAstV5	Mamastrovirus canis
MT894143	IND	dog	NA	PVNRTVU2020	MAstV5	Mamastrovirus canis
NC_026814	GBR	dog	2012	NA	MAstV5	Mamastrovirus canis
ON733251	HUN	dog	2021	NA	MAstV5	Mamastrovirus canis
OP093957	BRA	dog	2019	PK03	MAstV5	Mamastrovirus canis
OP093958	BRA	dog	2019	PK01	MAstV5	Mamastrovirus canis
KF374704	PRT	cat	2012	Viseu	MAstV2	Mamastrovirus felis
KM017743	USA	cat	2013	FAstV-D3	MAstV2	Mamastrovirus felis
MK671306	CHN	cat	2017	MAV2-17CC0308	MAstV2	Mamastrovirus felis
MK671307	CHN	cat	2017	MAV2-17HRB0511	MAstV2	Mamastrovirus felis
MK671308	CHN	cat	2017	MAV2-17JL0318	MAstV2	Mamastrovirus felis
MK671309	CHN	cat	2017	MAV2-17SP0801	MAstV2	Mamastrovirus felis
MK671310	CHN	cat	2018	MAV2-18CC0502	MAstV2	Mamastrovirus felis
MK671311	CHN	cat	2018	MAV2-18JL0310	MAstV2	Mamastrovirus felis
MK671312	CHN	cat	2018	MAV2-18JL0705	MAstV2	Mamastrovirus felis
MK671313	CHN	cat	2018	MAV2-18SY0803	MAstV2	Mamastrovirus felis
MN148428	CHN	tiger	2018	NA	MAstV2	Mamastrovirus felis
MW037841	AUS	cat	2018	NA	MAstV2	Mamastrovirus felis
MW164633	CAN	cat	2020	BC-SPCA	MAstV2	Mamastrovirus felis
NC_022249	HKG	cat	2012	NA	MAstV2	Mamastrovirus felis
ON595824	AUS	cat	2017	FPV-1	MAstV2	Mamastrovirus felis
ON595825	AUS	cat	2016	FPV-2	MAstV2	Mamastrovirus felis
ON595826	AUS	cat	2017	FPV-3	MAstV2	Mamastrovirus felis
ON595827	AUS	cat	2017	FPV-4	MAstV2	Mamastrovirus felis
ON595829	AUS	cat	2017	FPV-6	MAstV2	Mamastrovirus felis
ON595830	AUS	cat	2016	FPV-8	MAstV2	Mamastrovirus felis
ON595831	AUS	cat	2017	FPV-10	MAstV2	Mamastrovirus felis
AF260508	NA	human	NA	NA	MAstV1	Mamastrovirus hominis
AY720891	NA	human	NA	NA	MAstV1	Mamastrovirus hominis
AY720892	NA	human	NA	NA	MAstV1	Mamastrovirus hominis
DQ028633	BRA	human	NA	Goiania-GO-12-94-Brazil	MAstV1	Mamastrovirus hominis
DQ070852	BRA	human	NA	Goiania-GO-12-95-Brazil	MAstV1	Mamastrovirus hominis
DQ344027	CHN	human	NA	Guangzhou	MAstV1	Mamastrovirus hominis
FJ755402	CHN	human	2005	NA	MAstV1	Mamastrovirus hominis
FJ755403	CHN	human	2006	NA	MAstV1	Mamastrovirus hominis
FJ755404	CHN	human	2007	NA	MAstV1	Mamastrovirus hominis
FJ755405	CHN	human	2007	NA	MAstV1	Mamastrovirus hominis
GQ495608	CHN	human	2007	192-BJ07-CHN	MAstV1	Mamastrovirus hominis
GQ901902	RUS	human	2009	Rus-Nsc09-B4	MAstV1	Mamastrovirus hominis
GU223905	RUS	human	2003	Rus-Nsc03-H191	MAstV1	Mamastrovirus hominis
GU732187	RUS	human	2008	Rus-Nsc08-3364	MAstV1	Mamastrovirus hominis
HM237363	NA	human	NA	Katano	MAstV1	Mamastrovirus hominis
HQ398856	HUN	human	2010	NA	MAstV1	Mamastrovirus hominis
JF491430	RUS	human	2004	Rus-Nsc04-H355	MAstV1	Mamastrovirus hominis
JN887820	KOR	human	2006	NA	MAstV1	Mamastrovirus hominis
JQ403108	CHN	human	2010	DL030	MAstV1	Mamastrovirus hominis
KC285152	RUS	human	2011	HAstV-2-RUS-Novosibirsk-Nsc11-N2411-2011	MAstV1	Mamastrovirus hominis
KF039910	RUS	human	2005	Rus-Nsc05-430	MAstV1	Mamastrovirus hominis
KF039911	RUS	human	2006	Rus-Nsc06-1029	MAstV1	Mamastrovirus hominis
KF039912	RUS	human	2005	Rus-Nsc05-623	MAstV1	Mamastrovirus hominis
KF039913	RUS	human	2010	Rus-Nsc10-N358	MAstV1	Mamastrovirus hominis
KF211475	CHN	human	2010	JZ	MAstV1	Mamastrovirus hominis
KP862744	KOR	human	2014	kor85	MAstV1	Mamastrovirus hominis
L23513	NA	human	NA	Oxford	MAstV1	Mamastrovirus hominis
LC694985	JPN	human	2019	HAstV3-190610-Tokyo-2019	MAstV1	Mamastrovirus hominis
LC694986	JPN	human	2022	HAstV1-211185-Tokyo-2022	MAstV1	Mamastrovirus hominis
LC694987	JPN	human	2021	HAstV1-210984-Tokyo-2021	MAstV1	Mamastrovirus hominis
LC694988	JPN	human	2021	HAstV1-210963-Tokyo-2021	MAstV1	Mamastrovirus hominis
LC694989	JPN	human	2021	HAstV1-210956-Tokyo-2021	MAstV1	Mamastrovirus hominis
LC694990	JPN	human	2018	HAstV1-181937-Tokyo-2018	MAstV1	Mamastrovirus hominis
LC694991	JPN	human	2021	HAstV1-210764-Tokyo-2021	MAstV1	Mamastrovirus hominis
LC694992	JPN	human	2021	HAstV1-210628-Tokyo-2021	MAstV1	Mamastrovirus hominis
LC694993	JPN	human	2020	HAstV1-193061-Tokyo-2020	MAstV1	Mamastrovirus hominis
LC694994	JPN	human	2020	HAstV1-193055-Tokyo-2020	MAstV1	Mamastrovirus hominis
LC694995	JPN	human	2020	HAstV1-192642-Tokyo-2020	MAstV1	Mamastrovirus hominis
LC694996	JPN	human	2018	HAstV1-181290-Tokyo-2018	MAstV1	Mamastrovirus hominis
LC694997	JPN	human	2018	HAstV1-181289-Tokyo-2018	MAstV1	Mamastrovirus hominis
LC732122	JPN	human	2016	Child-with-acute-gastroenteritis	MAstV1	Mamastrovirus hominis
LC732123	JPN	human	2016	Child-with-acute-gastroenteritis	MAstV1	Mamastrovirus hominis
LC732124	JPN	human	2016	Child-with-acute-gastroenteritis	MAstV1	Mamastrovirus hominis
MF684776	CHN	human	2013	2013-Fuzhou-85	MAstV1	Mamastrovirus hominis
MG571777	VEN	human	2015	NA	MAstV1	Mamastrovirus hominis
MK059949	USA	human	NA	NA	MAstV1	Mamastrovirus hominis
MK059950	USA	human	NA	NA	MAstV1	Mamastrovirus hominis
MK059951	USA	human	NA	NA	MAstV1	Mamastrovirus hominis
MK059952	USA	human	NA	NA	MAstV1	Mamastrovirus hominis
MK059953	USA	human	NA	NA	MAstV1	Mamastrovirus hominis
MK059954	USA	human	NA	NA	MAstV1	Mamastrovirus hominis
MK059955	USA	human	NA	NA	MAstV1	Mamastrovirus hominis
MK059956	USA	human	NA	NA	MAstV1	Mamastrovirus hominis
MK296753	IRL	human	2018	17W1028	MAstV1	Mamastrovirus hominis
MK618656	USA	human	2018	CA-RGDS-1016	MAstV1	Mamastrovirus hominis
MN433703	USA	human	2013	NA	MAstV1	Mamastrovirus hominis
MN433704	USA	human	2013	NA	MAstV1	Mamastrovirus hominis
MN433705	USA	human	2014	NA	MAstV1	Mamastrovirus hominis
MN433706	USA	human	2014	NA	MAstV1	Mamastrovirus hominis
MN444721	USA	human	2017	NA	MAstV1	Mamastrovirus hominis
MT267476	ZAF	human	2015	NA	MAstV1	Mamastrovirus hominis
MT267480	ZAF	human	2015	NA	MAstV1	Mamastrovirus hominis
MT267482	ZAF	human	2015	NA	MAstV1	Mamastrovirus hominis
MT267483	ZAF	human	2015	SA6118	MAstV1	Mamastrovirus hominis
MT766320	CHN	human	2018	AstV-CHN-XJ-env-2018-ks7-ctg2	MAstV1	Mamastrovirus hominis
MT766321	CHN	human	2018	AstV-CHN-XJ-env-2018-ks8-ctg1	MAstV1	Mamastrovirus hominis
MT766322	CHN	human	2018	AstV-CHN-XJ-env-2018-ks11-ctg1	MAstV1	Mamastrovirus hominis
MT766323	CHN	human	2018	AstV-CHN-XJ-env-2018-ht3-ctg1	MAstV1	Mamastrovirus hominis
MT766324	CHN	human	2018	AstV-CHN-XJ-env-2018-ht8-ctg1	MAstV1	Mamastrovirus hominis
MT832892	BRA	human	2015	TO-98	MAstV1	Mamastrovirus hominis
MT832893	BRA	human	2015	TO-160	MAstV1	Mamastrovirus hominis
MT832895	BRA	human	2015	TO-171	MAstV1	Mamastrovirus hominis
MT832896	BRA	human	2015	TO-208	MAstV1	Mamastrovirus hominis
MT906853	BRA	human	2014	BRA-TO-207	MAstV1	Mamastrovirus hominis
MT906854	BRA	human	2015	BRA-TO-71	MAstV1	Mamastrovirus hominis
MT906855	BRA	human	2014	BRA-TO-26	MAstV1	Mamastrovirus hominis
MT906856	BRA	human	2015	BRA-TO-65	MAstV1	Mamastrovirus hominis
MT906858	BRA	human	2014	BRA-TO-57	MAstV1	Mamastrovirus hominis
MW485039	KEN	human	2019	NA	MAstV1	Mamastrovirus hominis
MW485040	KEN	human	2019	NA	MAstV1	Mamastrovirus hominis
MW485042	KEN	human	2019	NA	MAstV1	Mamastrovirus hominis
MW485043	KEN	human	2019	NA	MAstV1	Mamastrovirus hominis
ON571594	CHN	human	2019	2019-Fuzhou-26	MAstV1	Mamastrovirus hominis
ON571595	CHN	human	2019	2019-Fuzhou-289	MAstV1	Mamastrovirus hominis
ON571596	CHN	human	2019	2019-Fuzhou-306	MAstV1	Mamastrovirus hominis
ON571597	CHN	human	2019	2019-Pingtan-42	MAstV1	Mamastrovirus hominis
ON571598	CHN	human	2021	2021-Fuzhou-37	MAstV1	Mamastrovirus hominis
OP432293	CHN	human	2021	HAstV-4-RC-21027	MAstV1	Mamastrovirus hominis
OP432294	CHN	human	2022	HAstV-4-QD-L-22040	MAstV1	Mamastrovirus hominis
OP432295	CHN	human	2022	HAstV-4-QD-F-22056	MAstV1	Mamastrovirus hominis
OP432296	CHN	human	2021	HAstV-4/RC-21047	MAstV1	Mamastrovirus hominis
OP432297	CHN	human	2022	HAstV-4-QD-L-22001	MAstV1	Mamastrovirus hominis
OP432298	CHN	human	2022	HAstV-4-QD-S-22015	MAstV1	Mamastrovirus hominis
OP432299	CHN	human	2021	HAstV-4-RC-21045	MAstV1	Mamastrovirus hominis
OP432300	CHN	human	2022	HAstV-4-QD-S-22022	MAstV1	Mamastrovirus hominis
OP432301	CHN	human	2022	HAstV-4-QD-L-22019	MAstV1	Mamastrovirus hominis
OQ968302	CHN	human	2020	20259-SD-CHN-HAstV-1	MAstV1	Mamastrovirus hominis
OQ968303	CHN	human	2020	20286-SD-CHN-HAstV-1	MAstV1	Mamastrovirus hominis
OQ968304	CHN	human	2020	20307-SD-CHN-HAstV-1	MAstV1	Mamastrovirus hominis
OQ968305	CHN	human	2021	21047-SD-CHN-HAstV-1	MAstV1	Mamastrovirus hominis
OQ968306	CHN	human	2021	21048-SD-CHN-HAstV-1	MAstV1	Mamastrovirus hominis
OQ968307	CHN	human	2021	21079-SD-CHN-HAstV-1	MAstV1	Mamastrovirus hominis
Z25771	NA	human	NA	NA	MAstV1	Mamastrovirus hominis
GQ502193	USA	human	2009	VA2-human-Stl-WD0680-2009	MAstV8	Mamastrovirus homustovis
NC_013443	NGA	human	2007	NI-295	MAstV8	Mamastrovirus homustovis
OQ968312	CHN	human	2021	21153-SD-CHN-VA2	MAstV8	Mamastrovirus homustovis
AB823731	BTN	human	2010	BtnMLB1-40	MAstV6	Mamastrovirus melbournense
AB823732	BTN	human	2010	BtnMLB1-86	MAstV6	Mamastrovirus melbournense
FJ402983	USA	human	2008	NA	MAstV6	Mamastrovirus melbournense
HM450380	HKG	human	2005	MLB1-HK05	MAstV6	Mamastrovirus melbournense
JQ086552	CHN	human	2010	SY071	MAstV6	Mamastrovirus melbournense
LC064152	JPN	human	2015	NA	MAstV6	Mamastrovirus melbournense
LC694998	JPN	human	2021	MLB1-210966-Tokyo-2021	MAstV6	Mamastrovirus melbournense
LC694999	JPN	human	2021	MLB1-210750-Tokyo-2021	MAstV6	Mamastrovirus melbournense
LC695000	JPN	human	2021	MLB1-210749-Tokyo-2021	MAstV6	Mamastrovirus melbournense
MT766325	CHN	human	2018	AstV-CHN-XJ-env-2018-MD-ctg1	MAstV6	Mamastrovirus melbournense
MT766327	CHN	human	2018	AstV-CHN-XJ-env-2018-ks7-ctg2	MAstV6	Mamastrovirus melbournense
MT766328	CHN	human	2018	AstV-CHN-XJ-env-2018-ks11-ctg2	MAstV6	Mamastrovirus melbournense
MT766329	CHN	human	2018	AstV-CHN-XJ-env-2018-ht3-ctg1	MAstV6	Mamastrovirus melbournense
MZ707081	CHN	human	2020	WYL077032	MAstV6	Mamastrovirus melbournense
NC_011400	AUS	human	1999	MLB1	MAstV6	Mamastrovirus melbournense
OQ968308	CHN	human	2020	20155-SD-CHN-MLB1	MAstV6	Mamastrovirus melbournense
OQ968310	CHN	human	2020	20248-SD-CHN-MLB1	MAstV6	Mamastrovirus melbournense
OQ968311	CHN	human	2020	20274-SD-CHN-MLB1	MAstV6	Mamastrovirus melbournense
AY179509	NA	mink	NA	NA	MAstV13	Mamastrovirus mustelae
GU985458	SWE	mink	NA	SMS-AstV	MAstV13	Mamastrovirus mustelae
MK211323	CHE	ovibos	1982	NA	MAstV13	Mamastrovirus ovis
NC_002469	NA	sheep	NA	NA	MAstV13	Mamastrovirus ovis
MW504546	USA	pig	2018	15217-AST-len-6452-cov-17-307332	MAstV3	Mamastrovirus suisorientalis
NC_025379	CHN	pig	2013	PAstV-GX1	MAstV3	Mamastrovirus suisorientalis
OL689632	CHN	pig	2021	AH-1	MAstV3	Mamastrovirus suisorientalis
GQ891990	USA	human	2007	SG	MAstV9	Mamastrovirus virginiaense
KJ920196	GBR	human	2013	HMO-CLondon1	MAstV9	Mamastrovirus virginiaense
KJ920197	GBR	human	2014	HMO-CLondon2	MAstV9	Mamastrovirus virginiaense
KM358468	NA	human	NA	NA	MAstV9	Mamastrovirus virginiaense
KM401565	NA	human	NA	NA	MAstV9	Mamastrovirus virginiaense
KY933670	USA	human	2017	C-P5	MAstV9	Mamastrovirus virginiaense
MT432184	ITA	human	2018	ITA-2018-205-18-5	MAstV9	Mamastrovirus virginiaense
NC_013060	USA	human	2008	VA1	MAstV9	Mamastrovirus virginiaense
KY073229	HUN	pig	2016	NA	MAstV22^	Mamastrovirus suisencephalomyelitidis
KY073231	HUN	pig	2016	NA	MAstV22^	Mamastrovirus suisencephalomyelitidis
KY073232	HUN	pig	2015	NA	MAstV22^	Mamastrovirus suisencephalomyelitidis
KY940545	USA	pig	2017	NA	MAstV22^	Mamastrovirus suisencephalomyelitidis
LC201595	JPN	pig	2014	NA	MAstV22^	Mamastrovirus suisencephalomyelitidis
LC201596	JPN	pig	2014	NA	MAstV22^	Mamastrovirus suisencephalomyelitidis
LC201597	JPN	pig	2014	NA	MAstV22^	Mamastrovirus suisencephalomyelitidis
LC201598	JPN	pig	2014	NA	MAstV22^	Mamastrovirus suisencephalomyelitidis
LC201599	JPN	pig	2014	NA	MAstV22^	Mamastrovirus suisencephalomyelitidis
LT898424	NA	pig	NA	PAstV-GER-L00919-K17-14-02-2014	MAstV22^	Mamastrovirus suisencephalomyelitidis
MK962341	ESP	pig	2017	NA	MAstV22^	Mamastrovirus suisencephalomyelitidis
MK962342	ESP	pig	2017	NA	MAstV22^	Mamastrovirus suisencephalomyelitidis
MW653748	USA	pig	2018	USA-IA-6535D-2018	MAstV22^	Mamastrovirus suisencephalomyelitidis
MW653749	USA	pig	2018	USA-IA-53214C-2018	MAstV22^	Mamastrovirus suisencephalomyelitidis
MW653750	USA	pig	2019	USA-IA-53797GA-2019	MAstV22^	Mamastrovirus suisencephalomyelitidis
MW653751	USA	pig	2019	USA-IA-72701A-2019	MAstV22^	Mamastrovirus suisencephalomyelitidis
MW653752	USA	pig	2019	USA-IA-72701B-2019	MAstV22^	Mamastrovirus suisencephalomyelitidis
MW653753	USA	pig	2020	USA-IA-32345-2020	MAstV22^	Mamastrovirus suisencephalomyelitidis
MW732145	USA	pig	2020	NA	MAstV22^	Mamastrovirus suisencephalomyelitidis
MW732146	USA	pig	2020	NA	MAstV22^	Mamastrovirus suisencephalomyelitidis
MW732148	USA	pig	2018	NA	MAstV22^	Mamastrovirus suisencephalomyelitidis
MW732149	USA	pig	2020	NA	MAstV22^	Mamastrovirus suisencephalomyelitidis
MW732150	USA	pig	2020	NA	MAstV22^	Mamastrovirus suisencephalomyelitidis
MW732151	USA	pig	2019	NA	MAstV22^	Mamastrovirus suisencephalomyelitidis
MW732152	USA	pig	2020	NA	MAstV22^	Mamastrovirus suisencephalomyelitidis
MW732153	USA	pig	2018	NA	MAstV22^	Mamastrovirus suisencephalomyelitidis
MW732155	USA	pig	2020	NA	MAstV22^	Mamastrovirus suisencephalomyelitidis
MW732156	USA	pig	2020	NA	MAstV22^	Mamastrovirus suisencephalomyelitidis
MW732157	USA	pig	2020	NA	MAstV22^	Mamastrovirus suisencephalomyelitidis
NC_019494	USA	pig	2011	US-MO123	MAstV22^	Mamastrovirus suisencephalomyelitidis
ON715001	ESP	pig	2017	SP-VC29	MAstV22^	Mamastrovirus suisencephalomyelitidis
JX556692	USA	pig	2011	AstV4-US-IL135	MAstV26*	Mamastrovirus suisvulgaris
KU764484	USA	pig	2015	15-13	MAstV26*	Mamastrovirus suisvulgaris
KU764486	USA	pig	2015	15-12	MAstV26*	Mamastrovirus suisvulgaris
KX033447	CHN	wildboar	2015	NA	MAstV26*	Mamastrovirus suisvulgaris
KX060808	CHN	pig	2014	NA	MAstV26*	Mamastrovirus suisvulgaris
KX060809	CHN	pig	2014	NA	MAstV26*	Mamastrovirus suisvulgaris
KY933398	KEN	pig	2012	K456	MAstV26*	Mamastrovirus suisvulgaris
LC201600	JPN	pig	2014	NA	MAstV26*	Mamastrovirus suisvulgaris
LC201601	JPN	pig	2014	NA	MAstV26*	Mamastrovirus suisvulgaris
LC201602	JPN	pig	2014	NA	MAstV26*	Mamastrovirus suisvulgaris
LC201603	JPN	pig	2014	NA	MAstV26*	Mamastrovirus suisvulgaris
LC201605	JPN	pig	2015	NA	MAstV26*	Mamastrovirus suisvulgaris
LC201606	JPN	pig	2015	NA	MAstV26*	Mamastrovirus suisvulgaris
LC201607	JPN	pig	2015	NA	MAstV26*	Mamastrovirus suisvulgaris
LC201608	JPN	pig	2015	NA	MAstV26*	Mamastrovirus suisvulgaris
LC201609	JPN	pig	2015	NA	MAstV26*	Mamastrovirus suisvulgaris
LC201610	JPN	pig	2015	NA	MAstV26*	Mamastrovirus suisvulgaris
LC201611	JPN	pig	2015	NA	MAstV26*	Mamastrovirus suisvulgaris
LC201612	JPN	pig	2015	NA	MAstV26*	Mamastrovirus suisvulgaris
LC201613	JPN	pig	2015	NA	MAstV26*	Mamastrovirus suisvulgaris
LC201614	JPN	pig	2015	NA	MAstV26*	Mamastrovirus suisvulgaris
MH425243	CHN	pig	2018	TJ060606	MAstV26*	Mamastrovirus suisvulgaris
MK378475	CHN	pig	2017	PoAstV-VIRES-GX03-C3	MAstV26*	Mamastrovirus suisvulgaris
MK460231	CHN	pig	2017	PoAstV4-CHN-WG-R2-2017	MAstV26*	Mamastrovirus suisvulgaris
MK613068	CHN	pig	2018	PAstV-CH-HB-SJZ-2018	MAstV26*	Mamastrovirus suisvulgaris
MK987099	CHE	cow	2016	BoAstV-VC34-338	MAstV26*	Mamastrovirus suisvulgaris
MT451917	KEN	pig	2012	K366	MAstV26*	Mamastrovirus suisvulgaris
MT451918	KEN	pig	2012	K062	MAstV26*	Mamastrovirus suisvulgaris
MT549855	CHN	rat	2016	CHN-01	MAstV26*	Mamastrovirus suisvulgaris
MT642666	BEL	pig	2019	NA	MAstV26*	Mamastrovirus suisvulgaris
MW504570	USA	pig	2018	15211-AST-len-6632-cov-111-322335	MAstV26*	Mamastrovirus suisvulgaris
MW504571	USA	pig	2018	15211-AST-len-6232-cov-1330-863040	MAstV26*	Mamastrovirus suisvulgaris
MW504572	USA	pig	2018	15213-AST-len-6681-cov-706-788258	MAstV26*	Mamastrovirus suisvulgaris
MW504573	USA	pig	2018	15213-AST-len-6253-cov-80-443692	MAstV26*	Mamastrovirus suisvulgaris
MW504576	USA	pig	2018	15210-AST-len-6624-cov-2753-325011	MAstV26*	Mamastrovirus suisvulgaris
MW504577	USA	pig	2018	15217-AST-len-6652-cov-21-318023	MAstV26*	Mamastrovirus suisvulgaris
MW784070	CHN	pig	NA	7-333329	MAstV26*	Mamastrovirus suisvulgaris
MW784071	CHN	pig	NA	8-286142	MAstV26*	Mamastrovirus suisvulgaris
MW784073	CHN	pig	NA	67-73244	MAstV26*	Mamastrovirus suisvulgaris
MW784074	CHN	pig	NA	68-5299	MAstV26*	Mamastrovirus suisvulgaris
MW784084	CHN	pig	NA	228-114947	MAstV26*	Mamastrovirus suisvulgaris
MW784090	CHN	pig	NA	286-165764	MAstV26*	Mamastrovirus suisvulgaris
MW784093	CHN	pig	NA	288-122863	MAstV26*	Mamastrovirus suisvulgaris
MW784095	CHN	pig	NA	138bR-178666	MAstV26*	Mamastrovirus suisvulgaris
MW784096	CHN	pig	NA	275R-116493	MAstV26*	Mamastrovirus suisvulgaris
MW784101	CHN	pig	NA	R67-109978	MAstV26*	Mamastrovirus suisvulgaris
MW784102	CHN	pig	NA	R67-15434	MAstV26*	Mamastrovirus suisvulgaris
MW962975	CHN	pig	2020	PAstV4-YN01-2020	MAstV26*	Mamastrovirus suisvulgaris
NC_016896	HUN	pig	2011	NA	MAstV26*	Mamastrovirus suisvulgaris
NC_023675	USA	pig	2010	NA	MAstV26*	Mamastrovirus suisvulgaris
OL695850	CHN	pig	2021	AH4-3	MAstV26*	Mamastrovirus suisvulgaris
ON792967	ESP	pig	2017	SP-VC29	MAstV26*	Mamastrovirus suisvulgaris
ON792968	ESP	pig	2017	SP-VC41	MAstV26*	Mamastrovirus suisvulgaris
ON792969	ESP	pig	2018	SP-VT9	MAstV26*	Mamastrovirus suisvulgaris
ON792970	ESP	pig	2017	SP-VC9	MAstV26*	Mamastrovirus suisvulgaris
ON792971	ESP	pig	2017	SP-VC19	MAstV26*	Mamastrovirus suisvulgaris
ON792972	ESP	pig	2018	SP-VT41	MAstV26*	Mamastrovirus suisvulgaris
KT946732	HKG	rat	NA	HK-1797F	MAstV34*	Mamastrovirus rodentiamericaense
KT946733	HKG	rat	NA	HK-1893F	MAstV34*	Mamastrovirus rodentiamericaense
MT549858	CHN	rat	2016	CHN-147	MAstV34*	Mamastrovirus rodentiamericaense
MT549859	CHN	rat	2016	CHN-148	MAstV34*	Mamastrovirus rodentiamericaense
MT549860	CHN	rat	2016	CHN-100	MAstV34*	Mamastrovirus rodentiamericaense
MW149253	HUN	rat	2017	NA	MAstV34*	Mamastrovirus rodentiamericaense
KT946726	HKG	rat	NA	HK-22103F	MAstV35*	Mamastrovirus rattorientalis
KT946727	HKG	rat	NA	HK-4214F	MAstV35*	Mamastrovirus rattorientalis
KT946728	HKG	rat	NA	HK-12111F	MAstV35*	Mamastrovirus rattorientalis
KT946729	HKG	rat	NA	HK-13112F	MAstV35*	Mamastrovirus rattorientalis
KT946730	HKG	rat	NA	HK-25315A	MAstV35*	Mamastrovirus rattorientalis
KP264970	USA	cow	2013	BSRI-1	MAstV36*	Mamastrovirus bovisamericaense
LC047790	JPN	cow	2009	NA	MAstV36*	Mamastrovirus bovisamericaense
LC047798	JPN	cow	2015	NA	MAstV36*	Mamastrovirus bovisamericaense
LC047800	JPN	cow	2015	NA	MAstV36*	Mamastrovirus bovisamericaense
MK987101	CHE	cow	2016	BoAstV-VC34-375	MAstV36*	Mamastrovirus bovisamericaense
MK987102	CHE	cow	2016	BoAstV-VC65-693	MAstV36*	Mamastrovirus bovisamericaense
MW373718	CHN	cow	2019	BoAstv-CHN-Henan-2-2019	MAstV36*	Mamastrovirus bovisamericaense
MW373719	CHN	cow	2019	BoAstv-CHN-Henan-1-2019	MAstV36*	Mamastrovirus bovisamericaense
ON191568	USA	cow	2020	NA	MAstV36*	Mamastrovirus bovisamericaense
ON624251	CHN	cow	2021	NA	MAstV36*	Mamastrovirus bovisamericaense
ON624253	CHN	cow	2021	NA	MAstV36*	Mamastrovirus bovisamericaense
ON624254	CHN	cow	2021	NA	MAstV36*	Mamastrovirus bovisamericaense
ON624256	CHN	cow	2021	NA	MAstV36*	Mamastrovirus bovisamericaense
ON624257	CHN	cow	2021	NA	MAstV36*	Mamastrovirus bovisamericaense
ON624260	CHN	cow	2021	NA	MAstV36*	Mamastrovirus bovisamericaense
ON624263	CHN	cow	2021	NA	MAstV36*	Mamastrovirus bovisamericaense
ON624271	CHN	cow	2021	NA	MAstV36*	Mamastrovirus bovisamericaense
ON624279	CHN	cow	2021	NA	MAstV36*	Mamastrovirus bovisamericaense
OP331312	NA	cow	NA	NA	MAstV36*	Mamastrovirus bovisamericaense
OQ198043	CHN	dog	2020	AstroviridaeDogfe338C1full	MAstV36*	Mamastrovirus bovisamericaense
OQ198046	CHN	dog	2020	AstroviridaeDogfe326C3full	MAstV36*	Mamastrovirus bovisamericaense
ON885949	CHN	water-buffalo	2021	NA	MAstV37*	Mamastrovirus bubali
ON885950	CHN	water-buffalo	2021	NA	MAstV37*	Mamastrovirus bubali
ON885951	CHN	water-buffalo	2021	NA	MAstV37*	Mamastrovirus bubali
LC047788	JPN	cow	2013	NA	MAstV38*	Mamastrovirus bovisorientalis
LC047791	JPN	cow	2009	NA	MAstV38*	Mamastrovirus bovisorientalis
LC047792	JPN	cow	2009	NA	MAstV38*	Mamastrovirus bovisorientalis
LC047794	JPN	cow	2009	NA	MAstV38*	Mamastrovirus bovisorientalis
LC047795	JPN	cow	2014	NA	MAstV38*	Mamastrovirus bovisorientalis
LC047799	JPN	cow	2015	NA	MAstV38*	Mamastrovirus bovisorientalis
LC047801	JPN	cow	2015	NA	MAstV38*	Mamastrovirus bovisorientalis
MW373716	CHN	cow	2019	BoAstv-CHN-SD-1-2019	MAstV38*	Mamastrovirus bovisorientalis
MW373717	CHN	cow	2019	BoAstv-CHN-Hubei-1-2019	MAstV38*	Mamastrovirus bovisorientalis
MW373720	CHN	cow	2019	BoAstv-CHN-JL-1-2019	MAstV38*	Mamastrovirus bovisorientalis
ON624258	CHN	cow	2021	NA	MAstV38*	Mamastrovirus bovisorientalis
ON624259	CHN	cow	2021	NA	MAstV38*	Mamastrovirus bovisorientalis
ON624262	CHN	cow	2021	NA	MAstV38*	Mamastrovirus bovisorientalis
ON624270	CHN	cow	2021	NA	MAstV38*	Mamastrovirus bovisorientalis
ON624274	CHN	cow	2021	NA	MAstV38*	Mamastrovirus bovisorientalis
ON624283	CHN	cow	2021	NA	MAstV38*	Mamastrovirus bovisorientalis
OQ198042	CHN	dog	2020	AstroviridaeDogfe346C1full	MAstV38*	Mamastrovirus bovisorientalis
OQ198050	CHN	dog	2020	AstroviridaeDogfe316C2full	MAstV38*	Mamastrovirus bovisorientalis
LC341267	JPN	cow	2016	NA	MAstV39*	Mamastrovirus bovisencephalitidis
MK386569	URY	bull	2018	NA	MAstV39*	Mamastrovirus bovisencephalitidis
MK987100	CHE	cow	2016	BoAstV-VC34-346	MAstV39*	Mamastrovirus bovisencephalitidis
MK987103	CHE	cow	2016	BoAstV-VC65-698	MAstV39*	Mamastrovirus bovisencephalitidis
MN464146	ITA	cow	NA	NA	MAstV39*	Mamastrovirus bovisencephalitidis
NC_025346	USA	rabbit	2010	TN-rabbit-10-2208	MAstV23^	NA
LC047787	JPN	cow	2013	NA	MAstV28^	NA
LC047797	JPN	cow	2015	NA	MAstV28^	NA
MW373712	CHN	cow	2019	BoAstv-CHN-Hebei-1-2019	MAstV28^	NA
MW373715	CHN	cow	2019	BoAstv-CHN-HLJ-1-2019	MAstV28^	NA
MZ603733	CHN	cow	2021	BoAstV-CN-HB-SJZ-2021	MAstV28^	NA
ON624255	CHN	cow	2021	NA	MAstV28^	NA
ON624264	CHN	cow	2021	NA	MAstV28^	NA
ON624265	CHN	cow	2021	NA	MAstV28^	NA
ON624267	CHN	cow	2021	NA	MAstV28^	NA
ON624272	CHN	cow	2021	NA	MAstV28^	NA
ON624273	CHN	cow	2021	NA	MAstV28^	NA
ON624275	CHN	cow	2021	NA	MAstV28^	NA
ON624276	CHN	cow	2021	NA	MAstV28^	NA
ON624282	CHN	cow	2021	NA	MAstV28^	NA
HQ916316	HKG	cow	NA	B76/HK	MAstV29^	NA
ON624268	CHN	cow	2021	NA	MAstV29^	NA
ON624278	CHN	cow	2021	NA	MAstV29^	NA
ON624280	CHN	cow	2021	NA	MAstV29^	NA
HQ916314	HKG	cow	NA	B170/HK	MAstV30^	NA
ON624269	CHN	cow	2021	NA	MAstV30^	NA
ON624277	CHN	cow	2021	NA	MAstV30^	NA
ON624281	CHN	cow	2021	NA	MAstV30^	NA
JF713712	USA	pig	2010	NA	MAstV32*	NA
JX556690	USA	pig	2011	AstV2-US-IA122	MAstV32*	NA
KJ495986	USA	pig	2012	NA	MAstV32*	NA
KP747573	CHN	pig	2006	AstV-LL-1	MAstV32*	NA
KP759770	KOR	pig	2014	KNU14-07	MAstV32*	NA
KP982872	BEL	pig	NA	Bel-12R021	MAstV32*	NA
KR868721	ARE	camel	2013	DcAstV-169	MAstV32*	NA
KR868722	ARE	camel	2013	DcAstV-64	MAstV32*	NA
KR868723	ARE	camel	2013	DcAstV-135	MAstV32*	NA
KY940077	UGA	pig	2012	U083	MAstV32*	NA
LC201585	JPN	pig	2014	NA	MAstV32*	NA
LC201586	JPN	pig	2015	NA	MAstV32*	NA
LC201587	JPN	pig	2015	NA	MAstV32*	NA
LC201588	JPN	pig	2015	NA	MAstV32*	NA
LC201589	JPN	pig	2015	NA	MAstV32*	NA
LC201590	JPN	pig	2015	NA	MAstV32*	NA
LC201591	JPN	pig	2015	NA	MAstV32*	NA
LC201592	JPN	pig	2015	NA	MAstV32*	NA
LC201593	JPN	pig	2015	NA	MAstV32*	NA
LC201594	JPN	pig	2015	NA	MAstV32*	NA
LT898434	NA	pig	NA	PAstV-GER-L00855-K14-14-04-2014	MAstV32*	NA
MG930777	ITA	pig	2015	NA	MAstV32*	NA
MK378474	CHN	pig	2017	PoAstV-VIRES-GX03-C2	MAstV32*	NA
MK378505	CHN	pig	2017	PoAstV-VIRES-HeB02-C1	MAstV32*	NA
MK378521	CHN	pig	2017	PoAstV-VIRES-HLJ01-C2	MAstV32*	NA
MK460230	CHN	pig	2017	PoAstV2-CHN-WG-R2-2017	MAstV32*	NA
MW504550	USA	pig	2018	15211-AST-len-6383-cov-846-694532	MAstV32*	NA
MW504551	USA	pig	2018	15211-AST-len-5924-cov-1028-513035	MAstV32*	NA
MW504552	USA	pig	2018	15214-AST-len-6117-cov-31-526724	MAstV32*	NA
MW504553	USA	pig	2018	15216-AST-len-6394-cov-49-822685	MAstV32*	NA
MW504554	USA	pig	2018	15213-AST-len-6398-cov-89-848021	MAstV32*	NA
MW504556	USA	pig	2018	15209-AST-len-6414-cov-16-838497	MAstV32*	NA
MW504557	USA	pig	2018	15217-AST-len-6431-cov-31-131274	MAstV32*	NA
MW504558	USA	pig	2018	15216-AST-len-6470-cov-1464-991738	MAstV32*	NA
MW504559	USA	pig	2018	15211-AST-len-6300-cov-172-501041	MAstV32*	NA
MW504560	USA	pig	2018	15213-AST-len-6405-cov-45-141575	MAstV32*	NA
MW504561	USA	pig	2018	15215-AST-len-6433-cov-73-331765	MAstV32*	NA
MW504562	USA	pig	2018	15214-AST-len-6398-cov-287-341794	MAstV32*	NA
MW504563	USA	pig	2018	15217-AST-len-6409-cov-36-668240	MAstV32*	NA
MW504565	USA	pig	2018	15212-AST-len-6392-cov-43-742307	MAstV32*	NA
MW504567	USA	pig	2018	15214-AST-len-6394-cov-119-013882	MAstV32*	NA
MW504569	USA	pig	2018	15210-AST-len-6256-cov-20-917755	MAstV32*	NA
MW784069	CHN	pig	NA	7-168877	MAstV32*	NA
MW784076	CHN	pig	NA	86-105857	MAstV32*	NA
MW784078	CHN	pig	NA	87-370059	MAstV32*	NA
MW784079	CHN	pig	NA	226-105986	MAstV32*	NA
MW784081	CHN	pig	NA	227-2671	MAstV32*	NA
MW784082	CHN	pig	NA	227-342448	MAstV32*	NA
MW784083	CHN	pig	NA	227-67505	MAstV32*	NA
MW784091	CHN	pig	NA	287-203354	MAstV32*	NA
MW784092	CHN	pig	NA	287-60804	MAstV32*	NA
MW784105	CHN	pig	NA	R69-151373	MAstV32*	NA
MW784106	CHN	pig	NA	R96-75684	MAstV32*	NA
MW784108	CHN	pig	NA	s68-555025	MAstV32*	NA
MW784109	CHN	pig	NA	s68-796037	MAstV32*	NA
MZ819164	CHL	pig	2017	PoAstV2-Swine-CHI-FB036-2017	MAstV32*	NA
MZ819165	CHL	pig	2017	PoAstV2-Swine-CHI-CF2673-2017	MAstV32*	NA
NC_023674	USA	pig	2010	NA	MAstV32*	NA
NC_027711	ARE	camel	2013	DcAstV-274	MAstV32*	NA
NC_034974	KEN	pig	2012	K321	MAstV32*	NA
OL695851	CHN	pig	2021	AH2-1	MAstV32*	NA
OL695852	CHN	pig	2021	AH2-2	MAstV32*	NA
OL695853	CHN	pig	2021	AH2-3	MAstV32*	NA
OL695854	CHN	pig	2021	AH2-4	MAstV32*	NA
OL695856	CHN	pig	2021	AH2-6	MAstV32*	NA
OL695857	CHN	pig	2021	AH2-7	MAstV32*	NA
OM104031	ZAF	pig	2021	BSF3	MAstV32*	NA
ON714996	ESP	pig	2017	SP-VC36	MAstV32*	NA
ON714997	ESP	pig	2017	SP-VC9	MAstV32*	NA
ON714998	ESP	pig	2017	SP-VC29	MAstV32*	NA
ON714999	ESP	pig	2017	SP-VC41	MAstV32*	NA
OP076744	SAU	camel	2014	DcAstV-Jd70-KSA-2014	MAstV32*	NA
OP076747	SAU	camel	2014	DcAstV-Jd53-KSA-2014	MAstV32*	NA
OP076748	SAU	camel	2014	DcAstV-Jd57-KSA-2014	MAstV32*	NA
OP076749	SAU	camel	2014	DcAstV-Jd67-KSA-2014	MAstV32*	NA
OP076750	SAU	camel	2014	DcAstV-Jd74-KSA-2014	MAstV32*	NA
OP076765	CHN	camel	2015	BcAstV-NMG31-CHN-2015	MAstV32*	NA
OP076766	CHN	camel	2015	BcAstV-NMG59-CHN-2015	MAstV32*	NA
HQ916313	HKG	cow	NA	B18/HK	NA	NA
HQ916317	HKG	cow	NA	B76-2/HK	NA	NA
KJ620980	CHN	cow	2014	NA	NA	NA
KJ656124	GMB	human	2009	VA5-human-Gambia-102139-2009	NA	NA
KM822593	CHN	yak	2013	S8	NA	NA
KP747574	CHN	pig	2006	AstV-LL-2	NA	NA
KT946731	HKG	rat	NA	HK-CWRN1RV	NA	NA
KT946735	CHN	rat	NA	HN-014	NA	NA
KT946736	CHN	rat	NA	GX-006	NA	NA
KT956903	CHE	cow	2015	CH15	NA	NA
KX599352	HUN	dog	2012	NA	NA	NA
KY859988	CHE	sheep	2006	NA	NA	NA
LC047793	JPN	cow	2009	NA	NA	NA
LC047796	JPN	cow	2014	NA	NA	NA
LC732125	JPN	human	2019	Child-with-acute-gastroenteritis	NA	NA
LN879482	DEU	cow	2014	NA	NA	NA
LT706530	NA	sheep	NA	UK-2014-lamb-lib01455	NA	NA
LT706531	NA	sheep	NA	UK-2013-ewe-lib01454	NA	NA
MK286562	CHE	sheep	1992	NA	NA	NA
MK378498	CHN	pig	2017	PoAstV-VIRES-GZ04-C6	NA	NA
MN150124	SVN	deer	2014	NA	NA	NA
MN150125	SVN	deer	2014	NA	NA	NA
MT506231	CHN	rat	2016	RoAstV-CHN-S3	NA	NA
MW037839	AUS	cat	2018	NA	NA	NA
MW037840	AUS	cat	2017	NA	NA	NA
MW373713	CHN	cow	2019	BoAstv-CHN-Hunan-1-2019	NA	NA
MW373714	CHN	cow	2019	BoAstv-CHN-HLJ-2-2019	NA	NA
MW450837	CHN	bat	2020	BF2-astro-YN-CHN-2020	NA	NA
MW504545	USA	pig	2018	15211-AST-len-6388-cov-52-529133	NA	NA
MZ357118	CHN	rat	2020	Moin135AstV01-8	NA	NA
NC_024297	CHN	cow	2014	NA	NA	NA
NC_024472	BFA	human	2010	NA	NA	NA
NC_024701	USA	cat	2013	FAstV-D1	NA	NA
NC_033792	CHN	marmot	2013	HHMAstV1	NA	NA
NC_033821	CHN	marmot	2013	HHMAstV2	NA	NA
ON624252	CHN	cow	2021	NA	NA	NA
ON624266	CHN	cow	2021	NA	NA	NA
ON624284	CHN	cow	2021	NA	NA	NA
OQ198033	CHN	dog	2020	AstroviridaeDogfe437C1full	NA	NA
OQ198035	CHN	dog	2020	AstroviridaeDogfe376C1full	NA	NA
OQ198038	CHN	dog	2020	AstroviridaeDogfe360C3full	NA	NA
OQ198039	CHN	dog	2020	AstroviridaeDogfe352C7full	NA	NA
OQ198040	CHN	dog	2020	AstroviridaeDogfe352C1full	NA	NA
OQ198041	CHN	dog	2020	AstroviridaeDogfe351C1full	NA	NA
OQ198045	CHN	dog	2020	AstroviridaeDogfe331C1full	NA	NA
OQ198051	CHN	dog	2020	AstroviridaeDogfe316C1full	NA	NA
